Turn,Year,Official_GDP,Shadow_GDP,CPI_Index,PPI_Index,M0,M3,Unemployment_Pct,True_Labor_Utilization_Pct,Corruption_Index,Structural_Defects_Mean,Average_Wage
0,1900,2702976.1175,0.0000,111.991870,98.907563,15657897945.6352,18902334545.5909,44.4403,55.5596,0.000000,0.000000,308.2528
1,1901,5199948.1839,0.0000,111.991870,98.334034,13178020546.4930,17633650374.1771,44.1612,55.8386,0.000000,0.000000,166.0915
2,1902,7404693.8292,0.0000,111.991870,98.032931,12663740740.5576,18231319185.1240,44.2520,55.7478,0.000000,0.000000,108.1705
3,1903,9502946.2629,0.0000,111.991870,97.874852,12642980821.6225,19239131126.8738,44.3532,55.6466,0.000000,0.000000,69.6177
4,1904,11503224.9418,0.0000,111.991870,97.791860,13079998900.0991,20668197046.6042,44.4589,55.5410,0.000000,0.000000,46.2681
0,1900,6947827.1829,0.0000,111.991870,97.748290,15656177986.2700,17538062075.8581,44.7762,55.2234,0.000000,0.000000,926.4011
1,1901,7047350.1661,0.0000,109.510177,97.725415,11183087377.1977,13980999307.5341,45.4235,54.5765,0.000000,0.000000,423.7175
2,1902,6937436.6097,0.0000,106.896885,97.713406,9871751877.4668,13862480340.3814,45.8008,54.1988,0.000000,0.000000,237.9904
3,1903,6795116.3849,0.0000,104.286151,97.707050,9260751154.0630,15406435519.2191,46.1700,53.8300,0.000000,0.000000,133.5517
4,1904,6619844.6383,0.0000,101.677409,97.703765,9378105331.0983,17225481311.8095,46.5300,53.4700,0.000000,0.000000,79.0349
5,1905,6414050.0035,0.0000,99.070246,97.702039,9887509203.4486,19172125969.4006,46.8995,53.1005,0.000000,0.000000,58.5329
0,1900,19882495.3476,0.0000,111.991870,97.701134,24032064373.8187,28192872437.6611,49.4206,50.5793,0.000000,0.000000,268.3495
1,1900,21579563.2018,0.0000,109.554642,97.700658,20756444257.4728,26474145537.0367,48.9028,51.0972,0.000000,0.000000,167.0444
2,1900,22302736.5466,0.0000,106.939345,97.700409,19613332986.6300,26738266450.5691,48.5703,51.4295,0.000000,0.000000,115.0159
3,1900,22757952.6941,0.0000,104.326241,97.700278,19095892326.6594,28031548214.2409,48.2373,51.7627,0.000000,0.000000,75.3668
4,1900,22950543.9740,0.0000,101.714975,97.700209,19491513237.9775,30315339702.2991,47.9012,52.0985,0.000000,0.000000,54.9383
0,1900,8876041.7997,0.0000,111.991870,97.700173,4532571359.2492,5059926744.9531,54.4577,45.5419,0.051000,0.000000,560.9820
1,1900,8024130.2611,1093105.2959,109.590472,97.700154,3988109943.9834,4769558088.8028,54.5651,45.4349,0.052000,0.000000,278.3959
2,1900,7450106.9759,1093105.2959,106.978583,97.700144,3708801824.3545,4795838239.5054,55.1934,44.8051,0.053000,0.000000,173.6153
3,1900,6913799.4051,2820479.4358,104.367504,97.700138,3600155380.2745,4983102837.9907,55.8328,44.1672,0.054000,0.000000,120.4342
4,1900,6410843.5462,2820479.4358,101.757206,97.700136,3599121963.5583,5273180520.8831,56.4873,43.5127,0.055000,0.000000,92.2531
0,1900,13353143.7812,0.0000,111.818384,97.700134,12114149926.0949,14900226731.1164,46.5790,53.4199,0.051000,0.000000,872.9561
1,1900,11987559.9438,0.0000,109.487153,97.700134,9895608091.3027,13200627832.5043,47.4767,52.5233,0.052000,0.000000,353.1203
2,1900,11002159.3340,0.0000,106.916681,97.700105,9020399531.7585,13078909386.5749,48.1411,51.8578,0.053000,0.000000,185.6703
3,1900,10315320.8411,6097993.2764,104.338165,97.699873,8902071779.9833,14034589118.4018,48.7966,51.2034,0.054000,0.000000,119.8470
4,1900,9657161.6656,6097993.2764,101.761124,97.699265,9162943341.9479,15190743693.9008,49.4415,50.5585,0.055000,0.000000,86.9819
5,1900,9023477.5607,11023256.3744,99.185434,97.698364,9669503446.7532,16491378338.0695,50.1026,49.8974,0.056000,0.000000,72.7400
0,1900,32636512.6590,425587.9884,111.818384,97.699204,42302872405.1482,45386599818.0129,52.3251,47.6748,0.051000,0.000000,665.5864
1,1900,33056820.0386,66385317.6263,109.565167,97.699645,34060724651.3269,39120235412.3827,52.5712,47.4288,0.052000,0.000000,332.3573
2,1900,32758558.0814,94622736.6910,107.002680,97.699877,29065565704.8959,36359892118.5038,52.8019,47.1980,0.053000,0.000000,197.3914
3,1900,32267505.3282,97917313.8776,104.420807,97.699998,26662122139.7380,35931966006.0598,53.0304,46.9696,0.054000,0.000000,104.0525
4,1900,31591999.6248,108595374.3014,101.840198,97.700062,26344794765.6965,37352762972.3336,53.2554,46.7442,0.055000,0.000000,62.5461
5,1900,30740825.5920,123361009.0868,99.260805,97.700096,26798525732.0926,39530410862.4039,53.4782,46.5218,0.056000,0.000000,43.3466
6,1900,29721408.0078,123777959.3641,96.682581,97.700113,27643760193.9031,42074541149.1850,53.6998,46.3002,0.057000,0.000000,33.5296
7,1900,30629188.8823,163093049.9520,96.462662,97.700122,28647254475.2002,44771176555.3467,53.9201,46.0798,0.058000,0.000000,28.7261
8,1900,31578075.6458,201985470.2996,96.454485,97.700127,29840140814.1378,47680376909.4480,54.1390,45.8610,0.059000,0.000000,27.3071
9,1900,32508460.0921,230972739.2228,96.454485,97.994248,31115962457.2248,50691149472.7085,54.3569,45.6431,0.060000,0.000000,26.7555
10,1900,33421822.4067,244780969.3400,96.454485,98.295719,32496398222.6372,53878630766.3364,54.5738,45.4260,0.061000,0.000000,26.7412
11,1900,34319524.3602,275672113.8945,96.454485,98.604727,33981275872.6850,57231156505.2970,54.7894,45.2106,0.062000,0.000000,27.0868
12,1900,21122905.6780,302470115.3784,96.454485,98.921460,35592507610.1766,60778237802.3349,55.0042,44.9958,0.063000,0.000000,27.2021
13,1900,21320843.3250,331076926.2039,96.454485,99.246111,37053088398.1509,64182014000.6364,55.2177,44.7823,0.064000,0.000000,26.8287
14,1900,21438451.1250,331076926.2039,96.454485,99.578879,38984144122.0938,68069153030.7057,55.4303,44.5697,0.065000,0.000000,26.9851
15,1900,22756058.9250,341413754.9887,96.454485,99.919965,40904363494.1171,71933078340.4831,55.6419,44.3581,0.066000,0.000000,26.7951
16,1900,23473666.7250,359845008.7167,96.454485,100.269579,42898864848.5016,75873732550.4528,55.8519,44.1481,0.067000,0.000000,27.1144
17,1900,24191274.5250,368884716.6731,96.454485,100.627932,44945192801.0002,79860197403.1060,56.0612,43.9388,0.068000,0.000000,26.9329
18,1900,24908882.3250,383797472.4691,96.454485,100.995245,47050101996.2564,83919716891.7726,56.2697,43.7303,0.069000,0.000000,27.2644
19,1900,25626490.1250,405181026.9080,96.454485,101.371740,49179586376.6837,88005917007.3452,56.4772,43.5228,0.070000,0.000000,27.1084
20,1900,26344097.9250,405181026.9080,96.454485,101.757648,51391730285.7402,92195561390.9973,56.6837,43.3163,0.071000,0.000000,27.4373
21,1900,27061705.7250,455469504.2921,96.454485,102.153204,53603816711.3034,96392247195.5433,56.8891,43.1109,0.072000,0.000000,27.2942
22,1900,27779313.5250,478279445.0144,96.454485,102.558648,55866689911.6827,100661731291.9169,57.0936,42.9064,0.073000,0.000000,27.5573
23,1900,28496921.3250,486091537.5355,96.454485,102.974229,58179085255.5576,104987510684.1358,57.2968,42.7031,0.074000,0.000000,27.3725
24,1901,29199822.6150,500937826.3651,96.454485,103.400199,60559070753.7675,109401763881.3489,57.4989,42.5011,0.075000,0.000000,27.6685
25,1901,29885536.7350,500986970.2718,96.454485,103.836818,62992327923.1920,113874158437.4895,57.7002,42.2998,0.076000,0.000000,27.5302
26,1901,30571250.8550,523919130.6974,96.454485,104.284353,65480105689.4788,118415820217.5300,57.9007,42.0992,0.077000,0.000000,27.7487
0,1900,38559233.7719,17384.3374,111.818384,104.284353,12018029221.8987,14472338268.5244,41.7567,58.2430,0.051000,0.000000,318.6885
1,1900,37300576.5476,946520.8639,109.939783,104.284353,10750474790.5719,14081181761.3914,41.7431,58.2569,0.052000,0.000000,148.2688
2,1900,36356968.8492,4980513.1627,107.269804,104.284353,11116445718.8246,15296566227.2239,41.7425,58.2573,0.053000,0.000000,103.0837
3,1900,35294363.0928,14908808.8500,104.621286,104.284353,12045866400.8748,17441637243.5793,41.7486,58.2514,0.054000,0.000000,77.2106
4,1900,34121258.5126,21344196.2679,101.991338,104.284353,13330589780.0256,19785715955.5395,41.7568,58.2432,0.055000,0.000000,64.8778
5,1900,31983382.0454,21346079.4201,99.374810,104.284353,14838935360.7161,22276579095.0390,41.7672,58.2328,0.056000,0.000000,59.4486
6,1900,30611698.2629,24790357.4487,96.768294,104.284353,16484247271.9126,24865317766.0125,41.7772,58.2228,0.057000,0.000000,56.7944
7,1900,31062316.4735,31091584.3845,96.455760,104.284353,18251058589.6086,27566850926.8120,41.7874,58.2122,0.058000,0.000000,56.0593
8,1900,31513574.3268,31141476.6825,96.454485,104.284353,20140013612.9061,30392067620.2399,41.7978,58.2022,0.059000,0.000000,56.3051
0,1900,76324405.5430,0.0000,111.818384,104.284353,22362518887.4434,25651750009.3881,42.9766,57.0233,0.051000,0.000000,294.8234
1,1900,74340537.6873,0.0000,109.726539,104.284353,21085223502.4096,25727444941.0216,42.9701,57.0299,0.052000,0.000000,124.9190
2,1900,72438017.3920,0.0000,107.130633,104.284353,23178032282.0757,29020013436.5364,42.9666,57.0333,0.053000,0.000000,64.8109
3,1900,70320472.2048,2344.4367,104.537015,104.284353,26767461083.7312,34315854535.2556,42.9649,57.0351,0.054000,0.000000,41.7793
4,1900,68033240.2529,6498.7274,101.945782,104.284353,31018380681.2456,40020484331.3756,42.9639,57.0357,0.055000,0.000000,31.7068
5,1900,62852669.8563,66456.3802,99.356781,104.284353,35593417616.0048,45925831843.0201,42.9631,57.0369,0.056000,0.000000,27.6183
6,1900,60224276.0885,104768.5765,96.769864,104.284353,40351077150.4149,51960147582.7883,42.9634,57.0366,0.057000,0.000000,25.6987
7,1900,60898190.9514,106890.1691,96.454637,104.284353,45276326807.4417,58152078216.3238,42.9638,57.0360,0.058000,0.000000,25.1728
8,1900,61652390.6106,109236.6918,96.454485,104.284353,50372839882.1378,64539460216.0085,42.9641,57.0359,0.059000,0.000000,25.4400
9,1900,60220427.4982,189386.0911,96.454485,104.284353,55609536449.1633,71103170142.2849,42.9648,57.0352,0.060000,0.000000,25.6831
10,1900,60916094.4547,360178.9437,96.454485,104.284353,60963284190.6157,77823984592.8236,42.9656,57.0342,0.061000,0.000000,25.7798
11,1900,61593272.1634,420421.1913,96.454485,104.284353,66449711486.6287,84732344421.3283,42.9661,57.0339,0.062000,0.000000,26.0002
12,1900,48214315.5355,546842.6250,96.454485,104.284353,72087109947.7480,91842749250.5767,42.9670,57.0328,0.063000,0.000000,25.9755
13,1900,46068874.3278,676052.4557,96.454485,104.284353,77751640408.2715,99002140546.5705,42.9677,57.0323,0.064000,0.000000,25.0495
14,1900,46533425.6878,875973.9421,96.454485,104.284353,83484456152.3950,106254565962.4956,42.9687,57.0313,0.065000,0.000000,24.9885
15,1900,46989329.3178,1053945.9121,96.454485,104.284353,89282257367.7752,113598287748.2502,42.9697,57.0303,0.066000,0.000000,25.0792
16,1900,47437289.5578,1153940.0583,96.454485,104.284353,95103795453.0883,120966939565.3283,42.9701,57.0299,0.067000,0.000000,24.8952
17,1900,46484946.4452,1287834.8765,96.454485,104.284353,101005685416.4080,128449368998.8099,42.9710,57.0290,0.068000,0.000000,25.6867
18,1900,46899724.4452,1343670.4362,96.454485,104.284353,106919443890.0172,135940011706.5722,42.9722,57.0278,0.069000,0.000000,25.2919
19,1900,47314502.4452,1451098.6252,96.454485,104.284319,112910453774.7412,143532883093.8380,42.9735,57.0265,0.070000,0.000000,25.7297
20,1900,47729280.4452,1568462.9232,96.454485,104.284191,118942336726.6028,151168747860.6409,42.9749,57.0251,0.071000,0.000000,25.3353
21,1900,47038846.0512,1643749.8270,96.454485,104.283977,125365234589.6549,159203454638.0252,42.9762,57.0238,0.072000,0.000000,25.1370
22,1900,47436969.6862,1876137.4628,96.454485,104.283718,131824147616.4220,167278559360.3321,42.9777,57.0220,0.073000,0.000000,24.7678
23,1900,47801974.3262,1938493.6122,96.454485,104.283435,137982579123.0538,175113017714.7954,42.9790,57.0209,0.074000,0.000000,25.9093
24,1901,48157828.0062,2084958.0569,96.454485,104.283149,144136184845.8890,182935432181.7610,42.9801,57.0199,0.075000,0.000000,25.1615
25,1901,47606697.6159,2253835.4054,96.454485,104.282853,150396381426.0967,190907942440.6445,42.9815,57.0185,0.076000,0.000000,25.9120
26,1901,47921928.8959,2319681.2680,96.454485,104.282554,156768293009.9530,198981119075.0911,42.9832,57.0166,0.077000,0.000000,25.1906
27,1901,48229909.7509,2365867.0398,96.454485,104.282211,163228828691.7869,207183136098.9906,42.9848,57.0152,0.078000,0.000000,25.9715
0,1900,22814545.4262,0.0000,111.818384,104.283229,5270617253.8508,6204412547.9338,34.1568,65.8418,0.051000,0.000000,1105.7696
1,1900,19531480.4039,0.0000,110.131626,104.283763,4029353506.5231,5216169271.0148,34.0070,65.9930,0.052000,0.000000,427.2530
2,1900,18167668.3822,0.0000,107.462214,104.284043,3624020186.9321,5179917225.7396,34.5292,65.4677,0.053000,0.000000,200.6812
3,1900,17481465.5748,0.0000,104.808324,104.283598,3606373614.0672,5656862929.9583,34.7867,65.2133,0.054000,0.000000,129.8193
0,1900,105117645.7554,0.0000,111.818384,104.283956,51201456417.6430,59089982196.6226,30.3767,69.6231,0.051000,0.000000,1289.3224
1,1900,103643442.0118,0.0000,110.035416,104.284145,41399906039.2771,51313269742.1429,30.3767,69.6233,0.052000,0.000000,705.4286
2,1900,99467420.5110,0.0000,107.452071,104.284244,37654913162.6623,50522272420.2992,30.3767,69.6227,0.053000,0.000000,441.2313
3,1900,95431932.2171,10508343.7723,104.854218,104.284296,37625926838.1963,55871758673.0904,30.3767,69.6233,0.054000,0.000000,292.6306
4,1900,91443508.5387,12414231.2251,102.262097,104.284323,39457528904.5792,63359589384.7411,30.3767,69.6223,0.055000,0.000000,213.6190
5,1900,81546665.7626,13989679.5708,99.656647,104.284337,43405500347.4236,73073045257.2282,30.3767,69.6233,0.056000,0.000000,179.2889
0,1900,188724492.2013,0.0000,111.818384,104.284345,74725396100.2830,89797272876.7568,18.2891,81.7107,0.051000,0.000000,1521.3098
1,1900,173810480.1607,0.0000,109.983000,104.284018,55375524854.1876,74400932258.3202,18.2831,81.7169,0.052000,0.000000,553.7519
2,1900,167272107.9940,0.0000,107.440593,104.283273,50392223610.9638,73577030909.1134,18.2127,81.7867,0.053000,0.000000,254.6703
3,1900,161181962.7124,0.0000,104.851153,104.282836,52682350257.2311,86289849370.4689,18.2122,81.7878,0.054000,0.000000,184.6544
0,1900,117797540.2065,0.0000,111.818384,104.283557,19343299626.2705,23294742406.5699,16.6540,83.3457,0.051000,0.000000,532.6251
1,1900,118468679.0498,0.0000,109.985218,104.283935,16279672380.1048,21607676437.0500,16.8037,83.1963,0.052000,0.000000,205.2387
2,1900,110991845.9001,0.0000,107.492966,104.284133,17146507128.1795,24816951075.9532,16.8610,83.1384,0.053000,0.000000,151.6571
3,1900,103935242.0259,0.0000,104.902210,104.284238,18843258273.9825,28635348314.9997,16.8607,83.1393,0.054000,0.000000,117.9557
4,1900,97254724.4100,0.0000,102.308114,104.284292,21439976785.1175,33503571500.1974,16.8605,83.1389,0.055000,0.000000,112.2206
5,1900,87387585.7622,118974.0583,99.711267,104.284321,24214799391.2341,38499910740.4087,16.8942,83.1058,0.056000,0.000000,102.6036
6,1900,81343756.9154,204996.6967,97.115125,104.368370,27488175679.1016,44175341981.3330,16.8975,83.1025,0.057000,0.000000,107.4446
0,1900,127224877.2706,0.0000,111.818384,104.490749,21911535592.2656,27075885463.2756,21.2902,78.7094,0.051000,0.000000,510.4730
1,1900,127474170.7209,0.0000,109.939056,104.562879,18860437132.9557,25479692864.2408,21.3113,78.6887,0.052000,0.000000,202.9016
2,1900,118754025.7316,0.0000,107.451338,104.600747,20721409411.5351,29890824794.8600,21.3105,78.6891,0.053000,0.000000,160.8714
3,1900,110530002.4283,0.0000,104.864200,104.620628,23173043517.4289,35389710592.0665,21.3105,78.6895,0.054000,0.000000,125.8792
0,1900,33844879.6858,0.0000,111.818384,104.631065,4552483503.6502,6202455560.6513,22.8815,77.1174,0.051000,0.000000,1004.8162
1,1900,30714359.3464,0.0000,109.942523,104.636545,3547618061.5899,5425293103.0723,22.8815,77.1185,0.052000,0.000000,491.9213
2,1900,28440537.2744,0.0000,107.489210,104.639422,3223144161.4133,5463014495.5438,22.8815,77.1157,0.053000,0.000000,279.0195
3,1900,26342366.8030,110684.2177,104.911653,104.640932,3220138098.8509,6110713043.9178,22.8815,77.1185,0.054000,0.000000,185.4352
4,1900,24401899.7710,110684.2177,102.324171,104.641725,3428531535.0096,6841974067.3537,22.8815,77.1185,0.055000,0.000000,122.1552
5,1900,21663700.1201,147618.2024,99.746299,104.642141,3820740242.4061,7698397091.6410,22.8815,77.1185,0.056000,0.000000,97.7272
6,1900,19991600.0325,147618.2024,97.170824,104.642360,4293820340.5442,8612379955.1430,22.8815,77.1185,0.057000,0.000000,85.1819
0,1900,134412021.8077,0.0000,111.818384,104.642475,20264963077.8306,24505993684.3101,11.1689,88.8306,0.051000,0.000000,553.2002
1,1900,288733617.8791,0.0000,109.957154,104.642535,15785685756.6019,21591572787.9926,9.7880,90.2120,0.052000,0.000000,212.9568
2,1900,114326696.6034,0.0000,107.447034,104.642567,17110435075.8496,25338018952.4307,11.2929,88.7067,0.053000,0.000000,180.9574
3,1900,112185616.5570,0.0000,104.869033,104.642583,21008155312.2847,33260274643.0205,11.2411,88.7589,0.054000,0.000000,128.8494
4,1900,98241828.7209,58258.4737,102.286982,104.642592,24152399403.3554,39976726857.3165,11.2994,88.6995,0.055000,0.000000,130.0323
5,1900,86846037.5506,58258.4737,99.703567,104.642596,27322240672.4888,46470396054.1804,11.3378,88.6622,0.056000,0.000000,127.4152
6,1900,79958825.7050,58258.4737,97.117193,104.642599,30764319080.8874,53173060090.2567,11.3377,88.6623,0.057000,0.000000,121.7719
0,1900,101325071.1739,0.0000,111.818384,104.642193,19829696714.7806,24100208306.0407,11.3987,88.6008,0.051000,0.000000,805.3990
1,1900,228592961.3926,0.0000,109.944197,104.642387,14435528600.6804,19814984997.1685,26.7196,73.2804,0.052000,0.000000,784.7692
2,1900,75056414.6167,0.0000,107.439672,104.642489,11235813370.8703,17675526247.1887,78.6876,21.3121,0.053000,0.000000,758.0786
3,1900,74247271.4586,7330.4304,104.908894,104.642542,14834017861.7743,25845486833.6077,72.2269,27.7731,0.054000,0.000000,752.3968
4,1900,63356492.3560,13187.1718,102.328954,104.642570,16257261245.5580,30723754777.3976,76.4014,23.5986,0.055000,0.000000,736.0234
5,1900,55649304.2727,11331309.6943,99.747751,104.642585,18664861464.1031,36627507830.5748,71.6111,28.3889,0.056000,0.000000,722.7872
6,1900,50969724.6563,11339725.1747,97.163810,104.642593,20682510397.3446,41629979915.9352,74.4600,25.5400,0.057000,0.000000,707.5740
0,1900,1133450059.7235,0.0000,111.818384,104.642597,9374348888.6350,10349317503.4010,15.9809,84.0173,0.051000,0.000000,750.3132
1,1900,449789996.8780,0.0000,110.058855,104.642599,6801623541.9070,8483849515.6549,42.1631,57.8369,0.052000,0.000000,735.3961
2,1900,206865020.2149,0.0000,107.564167,104.642600,6424010755.4960,9765789993.2753,70.9248,29.0742,0.053000,0.000000,717.5776
0,1900,924280874.3868,0.0000,111.818384,104.642601,8684276170.7791,9428177209.4449,28.4254,71.5737,0.051000,0.000000,503.8501
1,1900,377256383.0164,0.0000,110.246712,104.642601,7506019583.2099,9545186257.1672,28.4254,71.5746,0.052000,0.000000,498.7376
0,1900,898641151.4347,0.0000,111.818384,104.642601,9452886398.9794,10282643799.2735,30.9964,69.0027,0.051000,0.000000,786.7766
1,1900,366288229.8683,0.0000,110.278999,104.642601,6917585794.7286,8118598501.7018,37.8547,62.1453,0.052000,0.000000,764.8915
2,1900,161269642.7528,0.0000,107.781589,104.642601,5815188681.8023,8272104746.5135,70.4261,29.5730,0.053000,0.000000,742.0070
0,1900,77485510.9342,0.0000,124.725128,104.642601,2216911811.8484,2642241730.8468,27.3013,72.6973,0.051000,0.000000,125.2059
1,1900,52369961.9514,0.0000,120.398354,103.348636,2377916826.2117,3157840693.2429,27.3013,72.6987,0.052000,0.000000,127.4416
2,1900,31545917.7437,0.0000,115.101373,101.989972,2493442470.8190,3608994571.2260,27.3013,72.6966,0.053000,0.000000,116.7843
3,1900,26398036.0674,767297.4354,111.209741,100.675143,2627339118.7163,4064912183.8737,31.7260,68.2740,0.054000,0.000000,114.9886
0,1900,900891649.7622,0.0000,124.725128,99.999658,8120691015.2807,8877132565.5132,10.7926,89.2061,0.051000,0.000000,343.6425
1,1900,368671002.3569,0.0000,120.324352,99.516066,7811201484.8650,10212324686.7593,10.7926,89.2074,0.052000,0.000000,343.2037
0,1900,660781287.1125,0.0000,130.903531,99.185789,9327402591.6639,10233214837.0605,24.7456,75.2535,0.051000,0.000000,342.7480
1,1900,344733274.0656,0.0000,125.567436,98.966072,9298933576.3014,12044054127.4425,24.7456,75.2544,0.052000,0.000000,341.8418
2,1900,137695381.5260,0.0000,119.210618,98.822154,9304313231.7319,13662027839.4508,38.0214,61.9773,0.053000,0.000000,327.2649
3,1900,84180716.6297,1288110.0097,115.068364,98.728776,9877827956.4360,15779559894.1503,43.6568,56.3432,0.054000,0.000000,320.9431
4,1900,54767373.6771,4609786.4119,110.955177,98.668545,10769592836.1146,18193472816.6500,52.5636,47.4364,0.055000,0.000000,313.3585
5,1900,44246148.4253,10895485.3288,106.857745,98.629840,12128206199.0849,21093908169.9768,53.7949,46.2051,0.056000,0.000000,307.3400
6,1900,37884571.1760,15045419.2296,102.790908,98.605026,13757332431.2568,24322598207.7296,54.2763,45.7237,0.057000,0.000000,300.6346
7,1900,35719354.1612,19015853.6359,101.822302,98.589142,15632055316.0805,27852608848.3658,54.2208,45.7792,0.058000,0.000000,294.9352
8,1900,34584896.1620,20430098.7510,101.625301,98.578641,17739190240.2879,31669085004.8376,54.0235,45.9765,0.059000,0.000000,288.7723
9,1900,34024472.8085,30284325.5299,101.501219,99.158773,20140430871.5963,35860533459.1548,53.6948,46.3052,0.060000,0.000000,283.2328
10,1900,32578233.5800,31665521.4942,101.445567,99.795726,22695402398.0799,40207321595.7295,53.3424,46.6576,0.061000,0.000000,277.4209
11,1900,32207490.3873,50550907.6979,101.393210,100.372793,25583298250.1867,45003869421.9568,52.9818,47.0182,0.062000,0.000000,271.8465
12,1900,26800498.2160,52446861.7066,101.401078,100.882465,28512867295.1297,49775716377.9929,52.6180,47.3820,0.063000,0.000000,266.3650
13,1900,24541861.7222,59106946.4775,101.398230,101.331861,31915921999.3151,55219909893.8271,52.2564,47.7436,0.064000,0.000000,260.8318
14,1900,23922372.2414,62705524.8654,101.349345,101.728688,35028312633.1220,60141849041.6262,51.8813,48.1187,0.065000,0.000000,255.7584
15,1900,23772852.5236,62706666.9783,101.243519,102.078623,38650661420.9982,65859066544.5544,51.5212,48.4788,0.066000,0.000000,250.5854
0,1900,395182262.5012,0.0000,128.340759,102.396585,10157289864.3222,11106158484.3820,7.0103,92.9878,0.051000,0.000000,218.7554
1,1900,643860358.4453,0.0000,124.628663,102.664588,10662637118.0429,12638808188.9332,7.0409,92.9591,0.052000,0.000000,250.0111
2,1900,71621528.0098,0.0000,119.298591,102.881704,11299305733.6730,14128974871.4955,47.2773,52.7220,0.053000,0.000000,210.5617
0,1900,1669267547.8082,0.0000,132.574755,103.114039,16559583144.4724,17302232117.1523,31.5774,68.4220,0.051000,0.000000,537.1437
1,1900,744455606.5506,0.0000,125.017661,103.315442,16018921530.3145,18212541487.6154,31.5774,68.4226,0.052000,0.000000,535.8809
2,1900,242079926.3076,0.0000,119.510021,103.492801,16109655376.8415,19810703459.9094,52.1236,47.8760,0.053000,0.000000,517.0795
3,1900,102263363.3182,7126609.2573,115.947141,103.648232,17480740690.4780,22687360514.4482,61.3752,38.6248,0.054000,0.000000,505.1790
4,1900,36141806.0637,13641667.2389,112.796105,103.779799,19709495726.2027,26514221420.1071,71.6949,28.3051,0.055000,0.000000,493.2860
5,1900,15964896.4373,13870269.8013,109.383353,104.185989,22549382132.4997,30941732473.4487,72.3436,27.6564,0.056000,0.000000,482.9313
0,1900,703048493.8080,0.0000,134.101002,104.375764,20101119071.5831,23592618029.8817,27.2101,72.7885,0.051000,0.000000,111.0300
1,1900,856664560.7911,0.0000,125.593316,104.557644,24907082627.0460,31236551211.8480,27.2101,72.7899,0.052000,0.000000,126.2415
2,1900,140289923.6692,0.0000,118.409183,104.720226,29269394606.3612,38020177267.3678,27.3850,72.6147,0.053000,0.000000,104.8788
0,1900,2179805504.9250,0.0000,131.151927,104.864211,24947193310.9981,26015745769.2682,0.0000,99.9995,0.051000,0.000000,300.7317
1,1900,692189351.5499,0.0000,124.153925,104.991722,26752990607.1923,30909051862.9099,10.9344,89.0656,0.052000,0.000000,301.5518
0,1900,587526853.7293,0.0000,134.750731,105.104754,8197719169.7796,9311785974.2852,24.4216,75.5771,0.051000,0.000000,1094.6565
1,1900,681445434.6745,0.0000,127.000957,105.205026,7982464507.9244,9296268796.6509,34.5565,65.4435,0.052000,0.000000,1019.9514
2,1900,102329226.4163,0.0000,120.350296,105.294022,9096201369.5669,10726419433.4581,85.4395,14.5601,0.053000,0.000000,954.6798
3,1900,77524205.0640,262118.6726,116.674805,105.373034,11106467631.0456,13033892380.5969,88.1103,11.8897,0.054000,0.000000,913.5254
4,1900,16131497.5945,690333.1661,112.586573,105.443193,13223082663.5641,15421882769.3240,90.3743,9.6257,0.055000,0.000000,911.3215
5,1900,9933766.4355,4542940.3595,109.343319,105.505499,15393020677.6223,17867059343.4963,89.6981,10.3019,0.056000,0.000000,903.5539
0,1900,834367110.3897,0.0000,133.680040,105.560833,10472707992.7084,10916227892.1440,15.8229,84.1753,0.051000,0.000000,590.6332
1,1900,1265893482.8389,0.0000,126.111315,105.608712,10344018873.8640,11377338631.1294,15.8229,84.1771,0.052000,0.000000,616.9424
2,1900,179660827.0091,0.0000,119.464747,105.652237,11355996393.5657,13068672076.2876,55.3770,44.6209,0.053000,0.000000,564.3450
